,latitude,longitude,remark
S_0,40.74177603,-74.00149746,W 17 St & 8 Ave
S_1,40.69608941,-73.97803415,Park Ave & St Edwards St
S_2,40.68676793,-73.95928168,Lexington Ave & Classon Ave
S_3,40.73172428,-74.00674436,Barrow St & Hudson St
S_4,40.72710258,-74.00297088,MacDougal St & Prince St
S_5,40.761628,-73.972924,E 56 St & Madison Ave
S_6,40.69239502,-73.99337909,Clinton St & Joralemon St
S_7,40.69839895,-73.98068914,Nassau St & Navy St
S_8,40.71625008,-74.0091059,Hudson St & Reade St
S_9,40.71542197,-74.01121978,Greenwich St & Warren St
S_10,40.7208736,-73.98085795,E 2 St & Avenue C
S_11,40.7218158,-73.99720307,Cleveland Pl & Spring St
S_12,40.71473993,-74.00910627,Warren St & Church St
S_13,40.752062307,-73.9816324043,E 40 St & 5 Ave
S_14,40.69089272,-73.99612349,Henry St & Atlantic Ave
S_15,40.748238,-73.978311,E 37 St & Lexington Ave
S_16,40.72917025,-73.99810231,LaGuardia Pl & W 3 St
S_17,40.75323098,-73.97032517,E 47 St & 2 Ave
S_18,40.7489006,-73.97604882,E 39 St & 3 Ave
S_19,40.73971301,-73.99456405,W 18 St & 6 Ave
S_20,40.76064679,-73.98442659,Broadway & W 49 St
S_21,40.7381765,-73.97738662,E 25 St & 1 Ave
S_22,40.70905623,-74.01043382,Liberty St & Broadway
S_23,40.70255088,-73.98940236,Front St & Washington St
S_24,40.69892054,-73.97332996,7 Ave & Farragut St
S_25,40.716887,-73.963198,Wythe Ave & Metropolitan Ave
S_26,40.73416059,-73.98024289,1 Ave & E 18 St
S_27,40.724399,-74.004704,1 Ave & E 30 St
S_28,40.70531194,-73.97100056,Railroad Ave & Kay Ave
S_29,40.76590936,-73.97634151,Central Park S & 6 Ave
S_30,40.70569254,-74.01677685,Little West St & 1 Pl
S_31,40.71117444,-73.99682619,Catherine St & Monroe St
S_32,40.72165481,-74.00234737,Grand St & Greene St
S_33,40.739445,-73.976806,E 27 St & 1 Ave
S_34,40.75022392,-73.97121414,E 43 St & 2 Ave
S_35,40.75929124,-73.98859651,W 45 St & 8 Ave
S_36,40.75849116,-73.95920622,E 59 St & Sutton Pl
S_37,40.75968085,-73.97031366,E 55 St & Lexington Ave
S_38,40.74334935,-74.00681753,W 16 St & The High Line
S_39,40.70037867,-73.99548059,Columbia Heights & Cranberry St
S_40,40.70277159,-73.99383605,Old Fulton St
S_41,40.69028437,-73.98707105,Gallatin Pl & Livingston St
S_42,40.73781509,-73.99994661,W 13 St & 7 Ave
S_43,40.71146364,-74.00552427,Spruce St & Nassau St
S_44,40.74195138,-74.00803013,W 14 St & The High Line
S_45,40.7546011026,-73.971878855,E 48 St & 3 Ave
S_46,40.72743423,-73.99379025,Great Jones St
S_47,40.69597683,-73.99014892,Cadman Plaza E & Tillary St
S_48,40.69246277,-73.98963911,Joralemon St & Adams St
S_49,40.7284186,-73.98713956,St Marks Pl & 2 Ave
S_50,40.73047309,-73.98672378,E 11 St & 2 Ave
S_51,40.7361967,-74.00859207,Bank St & Washington St
S_52,40.69196566,-73.9813018,Willoughby St & Fleet St
S_53,40.68981035,-73.97493121,DeKalb Ave & S Portland Ave
S_54,40.69788349,-73.97350332,Flushing Ave & Carlton Ave
S_55,40.687979,-73.978474,Fulton St & Rockwell Pl
S_56,40.69196035,-73.96536851,Willoughby Ave & Hall St
S_57,40.69327018,-73.97703874,Myrtle Ave & St Edwards St
S_58,40.73535398,-74.00483091,Perry St & Bleecker St
S_59,40.72185379,-74.00771779,Laight St & Hudson St
S_60,40.71870987,-74.0090009,Harrison St & Hudson St
S_61,40.72456089,-73.99565293,Lafayette St & Jersey St
S_62,40.72317958,-73.99480012,Mott St & Prince St
S_63,40.73226398,-73.99852205,Front St & Gold St
S_64,40.73543934,-73.99453948,W 13 St & 5 Ave
S_65,40.73532427,-73.99800419,W 11 St & 6 Ave
S_66,40.646768,-74.01651,NYCBS Depot - SSP
S_67,40.71939226,-74.00247214,Lispenard St & Broadway
S_68,40.68940747,-73.96885458,DeKalb Ave & Vanderbilt Ave
S_69,40.70122128,-74.01234218,South St & Whitehall St
S_70,40.70365182,-74.01167797,Broad St & Bridge St
S_71,40.69474881,-73.98362464,Johnson St & Gold St
S_72,40.69178232,-73.97372989,Washington Park
S_73,40.71729,-73.996375,Elizabeth St & Hester St
S_74,40.70706456,-74.00731853,Maiden Ln & Pearl St
S_75,40.72229346,-73.99147535,Stanton St & Chrystie St
S_76,40.72368361,-73.97574813,Great Jones St
S_77,40.75097711,-73.98765428,E 59 St & Sutton Pl
S_78,40.71910537,-73.99973337,Howard St & Centre St
S_79,40.69308257,-73.97178913,Adelphi St & Myrtle Ave
S_80,40.68528172,-73.97805813,Ashland Pl & Hanson Pl
S_81,40.68691865,-73.976682,Lafayette Ave & Fort Greene Pl
S_82,40.68650065,-73.96563307,Washington Ave & Greene Ave
S_83,40.71748752,-74.0104554,Duane St & Greenwich St
S_84,40.69766564,-73.98476437,Concord St & Bridge St
S_85,40.69986937,-73.98271933,Sands St & Gold St
S_86,40.73331967,-73.99510132,E 10 St & 5 Ave
S_87,40.7643971,-73.97371465,Grand Army Plaza & Central Park S
S_88,40.70827295,-73.96834101,Kent Ave & S 11 St
S_89,40.7390169121,-74.0026376103,Greenwich Ave & 8 Ave
S_90,40.73454567,-73.99074142,Broadway & E 14 St
S_91,40.6845683,-73.95881081,Monroe St & Classon Ave
S_92,40.76020258,-73.96478473,2 Ave & E 58 St
S_93,40.713126,-73.984844,Madison St & Montgomery St
S_94,40.73028666,-73.9907647,Lafayette St & E 8 St
S_95,40.73049393,-73.9957214,Washington Square E
S_96,40.71406667,-73.99293911,Pike St & E Broadway
S_97,40.71413089,-73.9970468,Division St & Bowery
S_98,40.734232,-73.986923,E 15 St & 3 Ave
S_99,40.68683208,-73.9796772,3 Ave & Schermerhorn St
S_100,40.728145,-73.990214,Shevchenko Pl & E 6 St
S_101,40.711512,-74.015756,South End Ave & Liberty St
S_102,40.72217444,-73.98368779,W 25 St & 6 Ave
S_103,40.722852,-73.959114,E.T. Bike-In Movie Valet Station 
S_104,40.771051856415305,-73.9643383026123,Mobile 01
S_105,40.751483,-73.996764,NYCBS Depot - FAR
S_106,40.716633,-73.981933,NYCBS Depot - DEL
S_107,40.72082834,-73.97793172,Avenue D & E 3 St
S_108,40.72362738,-73.99949601,Mercer St & Spring St
S_109,40.68486874759393,-74.02544975280762,8D OPS 01
S_110,40.75908809071208,-73.99375051281822,NYCBS Depot - DYR
S_111,40.70463334,-74.01361706,Broadway & Battery Pl
S_112,40.646678,-74.016263,SSP Tech Workshop
S_113,40.67890679,-73.94142771,Kingston Ave & Herkimer St
S_114,40.6794268,-73.9298911,E 55 St & 3 Ave
S_115,40.6814598,-73.934903,Lewis Ave & Decatur St
S_116,40.6800105,-73.938475,Albany Ave & Fulton St
S_117,40.682601,-73.938037,Marcus Garvey Blvd & Macon St
S_118,40.6823687,-73.944118,Halsey St & Tompkins Ave
S_119,40.68402,-73.94977,Putnam Ave & Nostrand Ave
S_120,40.68488,-73.96304,Cambridge Pl & Gates Ave
S_121,40.76095756,-73.96724467,1 Ave & E 30 St
S_122,40.6851532,-73.94111,Putnam Ave & Throop Ave
S_123,40.686312,-73.935775,Lewis Ave & Madison St
S_124,40.6900815,-73.947915,Marcy Ave & Lafayette Ave
S_125,40.6894932,-73.942061,Greene Ave & Throop Ave
S_126,40.6883337,-73.950916,Greene Ave & Nostrand Ave
S_127,40.69072549,-73.95133465,Kosciuszko St & Nostrand Ave
S_128,40.69128258,-73.9452416,Kosciuszko St & Tompkins Ave
S_129,40.69237074,-73.93705428,Lewis Ave & Kosciuszko St
S_130,40.6933982,-73.939877,Pulaski St & Marcus Garvey Blvd
S_131,40.70823502,-74.00530063,Cliff St & Fulton St
S_132,40.69425403,-73.94626915,Willoughby Ave & Tompkins Ave
S_133,40.69622937,-73.94371094,Throop Ave & Myrtle Ave
S_134,40.69539817,-73.94954908,Myrtle Ave & Marcy Ave
S_135,40.69527008,-73.95238108,Nostrand Ave & Myrtle Ave
S_136,40.69681963,-73.93756926,Myrtle Ave & Marcy Ave
S_137,40.70029511,-73.95032283,Union Ave & Wallabout St
S_138,40.69957608,-73.94708417,Tompkins Ave & Hopkins St
S_139,40.7016657,-73.9437303,Broadway & Whipple St
S_140,40.7031724,-73.940636,Leonard St & Boerum St
S_141,40.70411791,-73.94818595,Lorimer St & Broadway
S_142,40.71427487,-73.98990025,Canal St & Rutgers St
S_143,40.70510918,-73.94407279,McKibbin St & Manhattan Ave
S_144,40.70538077,-73.94976519,Boerum St & Broadway
S_145,40.70583339,-73.94644578,Leonard St & Boerum St
S_146,40.70691254,-73.95441667,Division Ave & Hooper St
S_147,40.70767788,-73.94016171,Montrose Ave & Bushwick Ave
S_148,40.70708701,-73.95796783,Division Ave & Marcy Ave
S_149,40.70870368,-73.9448625,Scholes St & Manhattan Ave
S_150,40.70877084,-73.95095259,Stagg St & Union Ave
S_151,40.70925562,-73.95982218,Broadway & Roebling St
S_152,40.71103537,-73.94714303,Leonard St & Grand St
S_153,40.71307916,-73.99851193,St James Pl & Oliver St
S_154,40.70934,-73.95608,S 4 St & Rodney St
S_155,40.711863,-73.944024,Graham Ave & Grand St
S_156,40.71167351,-73.95141312,Hope St & Union Ave
S_157,40.71247661,-73.94100005,Bushwick Ave & Powers St
S_158,40.71348658,-73.94792458,Devoe St & Leonard St
S_159,40.71469,-73.95739,Roebling St & N 4 St
S_160,40.715143,-73.944507,Graham Ave & Conselyea St
S_161,40.71413311,-73.95234386,Metropolitan Ave & Meeker Ave
S_162,40.7160751,-73.952029,Union Ave & Jackson St
S_163,40.717318403855785,-73.94820213317871,Leonard St & Meeker Ave
S_164,40.7149787,-74.013012,Murray St & West St
S_165,40.71774592,-73.95600096,N 8 St & Driggs Ave
S_166,40.71764,-73.94882,Frost St & Meeker St
S_167,40.7190095,-73.95852515,Berry St & N 8 St
S_168,40.71745169,-73.95850939,Graham Ave & Conselyea St
S_169,40.7169811,-73.94485918,Graham Ave & Withers St
S_170,40.71929301,-73.94500379,Graham Ave & Herbert St
S_171,40.71924,-73.95242,Union Ave & N 12 St
S_172,40.71921585,-73.9424469,N Henry St & Richardson St
S_173,40.71928,-73.94861,Leonard St & Bayard St
S_174,40.72152240339303,-73.94898265600203,Leonard St & Manhattan Ave
S_175,40.68926942,-73.98912867,State St & Smith St
S_176,40.724812564400175,-73.94752621650696,Pulaski St & Marcus Garvey Blvd
S_177,40.72079821,-73.95484712,N 12 St & Bedford Ave
S_178,40.72179134,-73.9504154,Driggs Ave & Lorimer St
S_179,40.72153267,-73.95782357,N 11 St & Wythe Ave
S_180,40.72057658,-73.96150225,Kent Ave & N 7 St
S_181,40.724055,-73.955736,N 15 St & Wythe Ave
S_182,40.72325,-73.94308,Driggs Ave & N Henry St
S_183,40.72311651,-73.95212324,Bedford Ave & Nassau Ave
S_184,40.72557,-73.94434,Nassau Ave & Russell St
S_185,40.72606,-73.95621,Banker St & Meserole Ave
S_186,40.7172274,-73.98802084,Norfolk St & Broome St
S_187,40.72708584,-73.95299117,Meserole Ave & Manhattan Ave
S_188,40.7258483,-73.95064893,Norman Ave & Leonard St
S_189,40.72906,-73.95779,Milton St & Franklin St
S_190,40.73026,-73.95394,46 Ave & 5 St
S_191,40.73165141,-73.96161892,India St & East River
S_192,40.73232194,-73.9550858,India St & Manhattan Ave
S_193,40.73266,-73.95826,Huron St & Franklin St
S_194,40.73564,-73.95866,Franklin St & Dupont St
S_195,40.73555,-73.95284,McGuinness Blvd & Eagle St
S_196,40.74232744,-73.95411749,Vernon Blvd & 50 Ave
S_197,40.722055,-73.989111,Allen St & E Houston St
S_198,40.74161,-73.96044,Center Blvd聽& Borden Ave
S_199,40.74524768,-73.94733276,Jackson Ave & 46 Rd
S_200,40.744363287066875,-73.9558732509613,48 Ave & 5 St
S_201,40.74469738,-73.93540375,31 St & Thomson Ave
S_202,40.74731,-73.95451,46 Ave & 5 St
S_203,40.74708586,-73.94977234,Center Blvd聽& Borden Ave
S_204,40.74718234,-73.9432635,44 Dr & Jackson Ave
S_205,40.74966,-73.9521,9 St & 44 Rd
S_206,40.75052534,-73.94594845,21 St & 43 Ave
S_207,40.75110165,-73.94073717,Queens Plaza North & Crescent St
S_208,40.69610226,-73.96751037,Washington Ave & Park Ave
S_209,40.75325964,-73.94335788,45 Rd & 11 St
S_210,40.76712840349542,-73.96224617958069,E 68 St & 3 Ave
S_211,40.76350532,-73.97109243,E 59 St & Madison Ave
S_212,40.76735637,-73.96493528,E 67 St & Park Ave
S_213,40.76312584,-73.96526895,3 Ave & E 62 St
S_214,40.77112927,-73.95772297,E 75 St & 3 Ave
S_215,40.76650452,-73.97147595,5 Ave & E 63 St
S_216,40.77282817,-73.96685276,Penn Station Valet
S_217,40.774405455003,-73.96175265312193,Warren St
S_218,40.77122923,-73.96432627,E 72 St & Park Ave
S_219,40.69424674,-73.99215922,Montague St & Clinton St
S_220,40.77140426,-73.9535166,1 Ave & E 78 St
S_221,40.76500525,-73.95818491,1 Ave & E 68 St
S_222,40.7612274,-73.96094022,1 Ave & E 62 St
S_223,40.77682863439968,-73.96388769149779,5 Ave & E 78 St
S_224,40.77677702,-73.9590097,E 81 St & Park Ave
S_225,40.77862688,-73.95772073,E 84 St & Park Ave
S_226,40.77573034,-73.9567526,E 81 St & 3 Ave
S_227,40.77801203,-73.95407149,E 85 St & 3 Ave
S_228,40.77565541,-73.95068615,E 84 St & 1 Ave
S_229,40.77517793,-73.95324922,E 82 St & 2 Ave
S_230,40.70355377,-74.00670227,South St & Gouverneur Ln
S_231,40.77536905,-73.94803392,E 85 St & York Ave
S_232,40.7728384,-73.94989233,E 81 St & York Ave
S_233,40.76873687,-73.96119945,3 Ave & E 71 St
S_234,40.76817546742245,-73.95910263061523,Warren St
S_235,40.77314236,-73.95856158,E 77 St & 3 Ave
S_236,40.76440023,-73.96648977,Lexington Ave & E 63 St
S_237,40.76663814,-73.95348296,E 72 St & York Ave
S_238,40.77518615,-73.94446054,East End Ave & E 86 St
S_239,40.77163851,-73.98261428,W 63 St & Broadway
S_240,40.77492513,-73.98266566,W 67 St & Broadway
S_241,40.70955958,-74.00653609,Fulton St & William St
S_242,40.77896784,-73.97374737,Central Park West & W 76 St
S_243,40.7801839724239,-73.97728532552719,W 76 St & Columbus Ave
S_244,40.78339981,-73.98093133,W 78 St & Broadway
S_245,40.7734066,-73.97782542,Central Park West & W 68 St
S_246,40.7770575,-73.97898475,Columbus Ave & W 72 St
S_247,40.77575319,-73.97603963,Central Park West & W 72 St
S_248,40.78057799010334,-73.98562431335449,Riverside Dr & W 72 St
S_249,40.77966809007312,-73.98093044757842,Amsterdam Ave & W 73 St
S_250,40.78472675,-73.96961715,Central Park West & W 85 St
S_251,40.78720869,-73.98128127,Riverside Dr & W 82 St
S_252,40.72453734,-73.98185424,Broadway & W 55 St
S_253,40.78499979,-73.97283406,W 84 St & Columbus Ave
S_254,40.78524672,-73.97667321,Amsterdam Ave & W 82 St
S_255,40.7785669,-73.97754961,W 74 St & Columbus Ave
S_256,40.777507027547976,-73.98888587951659,Riverside Blvd & W 67 St
S_257,40.77748046,-73.98288594,W 70 St & Amsterdam Ave
S_258,40.77452835,-73.98753759,W 64 St & West End Ave
S_259,40.7867947,-73.977112,W 84 St & Broadway
S_260,40.78414472,-73.98362492,Riverside Dr & W 78 St
S_261,40.698617,-73.941342,Park Ave & Marcus Garvey Blvd
S_262,40.75320159,-73.9779874,E 43 St & Vanderbilt Ave
S_263,40.69878,-73.99712,Brooklyn Bridge Park - Pier 2
S_264,40.692609,-74.016398,Soissons Landing
S_265,40.686931,-74.016966,Yankee Ferry Terminal
S_266,40.7162469,-74.0334588,5 Ave & E 103 St
S_267,40.7141454,-74.0335519,Brunswick St
S_268,40.7177325,-74.043845,5 Ave & E 103 St
S_269,40.71958611647166,-74.04311746358871,Grove St PATH
S_270,40.7211236,-74.03805095,Warren St
S_271,40.7101087,-74.0858489,NJCU
S_272,40.714402,-74.0887723,West Side Light Rail
S_273,40.71336124,-74.00937622,Park Pl & Church St
S_274,40.7104670233797,-74.07003879547119,Garfield Ave Station
S_275,40.7182113,-74.0836394,Union St
S_276,40.7112423,-74.0557013,Liberty Light Rail
S_277,40.7246050998869,-74.07840594649315,Lincoln Park
S_278,40.7253399253558,-74.06762212514877,McGinley Square
S_279,40.73074262530658,-74.06378388404846,Sip Ave
S_280,40.7443187,-74.0439909,Riverview Park
S_281,40.752559,-74.044725,North St
S_282,40.748715945380226,-74.04044330120087,Riverview Park
S_283,40.7287448,-74.0321082,Newport Pkwy
S_284,40.71743998,-74.00583475,Church St & Leonard St
S_285,40.7111305,-74.0788855,MLK Light Rail
S_286,40.737711,-74.066921,5 Corners Library
S_287,40.7272235,-74.0337589,Baldwin at Montgomery
S_288,40.727595966,-74.044247311,Hamilton Park
S_289,40.71653978099194,-74.0496379137039,JC Medical Center
S_290,40.7311689,-74.0575736,Hilltop
S_291,40.7376037,-74.0524783,Oakland Ave
S_292,40.7241765,-74.0506564,Brunswick St
S_293,40.69991755,-73.98971773,Cadman Plaza E & Red Cross Pl
S_294,40.742677141,-74.051788633,Pershing Field
S_295,40.72152515,-74.046304543,Newark Ave
S_296,40.734785818,-74.050443636,Sip Ave
S_297,40.71848892,-74.047726625,Pershing Field
S_298,40.7127742,-74.0364857,Riverview Park
S_299,40.7467299,-74.0492509,Central Ave
S_300,40.6970299,-74.0969366,Columbia Park
S_301,40.698650544,-74.082079678,Bayside Park
S_302,40.729193,-73.976655,NYCBS Depot - STY
S_303,40.696192,-73.991218,Clinton St & Tillary St
S_304,40.734961020009514,-74.0595030784607,5 Corners Library
S_305,40.743,-73.93561,47 Ave & 31 St
S_306,40.685159599891776,-73.97711366415024,Hanson Pl & St Felix St
S_307,40.758996559605116,-73.96865397691727,E 55 St & 3 Ave
S_308,40.73997354103409,-74.00513872504234,W 13 St & Hudson St
S_309,40.7236589,-74.0641943,Baldwin at Montgomery
S_310,40.78275,-73.97137,W 82 St & Central Park West
S_311,40.68061768455451,-73.94624948501587,Marcy Ave & MacDonough St
S_312,40.69236178,-73.98631746,Lawrence St & Willoughby St
S_313,40.751283596962296,-73.99692445993422,Penn Station Valet
S_314,40.76780080148132,-73.96592080593109,E 67 St & Park Ave
S_315,40.68962188790333,-73.98304268717766,Bond St & Fulton St
S_316,40.75724567911726,-73.97805914282799,E 48 St & 5 Ave
S_317,40.751593684511114,-73.98043155670166,E 40 St & Madison Ave
S_318,40.752165280621966,-73.97992193698882,E 41 St & Madison Ave
S_319,40.75898481399634,-73.99379968643188,PABT Valet
S_320,40.75383343437622,-73.94267678260802,21 St & 41 Ave
S_321,40.77391390238118,-73.9543953537941,Warren St
S_322,40.64653836709648,-74.01658773422241,Bressler
S_323,40.689888,-73.981013,DeKalb Ave & Hudson Ave
S_324,40.759030082196055,-73.99385869503021,NYCBS Depot BAL - DYR
S_325,40.686203,-73.944694,Clermont Ave & Park Ave
S_326,40.69102925677968,-73.99183362722397,Jackson Ave & 46 Rd
S_327,40.75892386377695,-73.96226227283478,E 58 St & 1 Ave
S_328,40.73143724085228,-73.99490341544151,University Pl & E 8 St
S_329,40.64667789889786,-74.01630342006683,Kiosk in a box Motivate
S_330,40.694281141397326,-73.99230033159256,Grove St PATH
S_331,40.6803560840434,-73.9476791024208,Verona Pl & Fulton St
S_332,40.73624527,-73.98473765,E 19 St & 3 Ave
S_333,40.71690978045965,-73.98383796215057,Verona Pl & Fulton St
S_334,40.67534953067412,-74.01002034544945,Bike The Branches - Red Hook Branch
S_335,40.67280641227746,-73.96886587142944,Yankee Ferry Terminal
S_336,40.69231660719192,-74.01486575603485,Soissons Landing
S_337,40.7505853470215,-73.9946848154068,3969.TEMP (Bike The Branches - Central Branch)
S_338,40.7277140777778,-74.01129573583603,Newport PATH
S_339,40.77376867022874,-73.97116988897324,Adventures NYC
S_340,40.75018156325683,-74.00218427181244,W 27 St & 10 Ave
S_341,40.74937024193277,-73.99923384189606,9 Ave & W 28 St
S_342,40.72953837,-73.98426726,E 11 St & 1 Ave
S_343,40.72706363348306,-73.99662137031554,Yankee Ferry Terminal
S_344,40.72923649910006,-73.99086803197861,Cooper Square & E 7 St
S_345,40.764210071690634,-73.96910458803177,E 61 St & Park Ave
S_346,40.7245634290432,-73.9894437789917,E 2 St & 2 Ave
S_347,40.70861098096821,-73.92850399017334,Kiosk in a box Deployment
S_348,40.7124188237569,-74.03852552175522,MLK Light Rail
S_349,40.71346382669195,-74.06285852193832,Lafayette Park
S_350,40.72601172964625,-74.05038893222809,Brunswick & 6th
S_351,40.7153379,-74.01658354,Vesey Pl & River Terrace
S_352,40.72528910781132,-74.04557168483734,Jersey & 6th St
S_353,40.69263996618329,-74.08801227807997,Danforth Light Rail
S_354,40.72333158646436,-74.04595255851744,Jersey & 3rd
S_355,40.721650724879986,-74.04288411140442,Dixon Mills
S_356,40.704957516728605,-74.08593088388443,Bethune Center
S_357,40.71835519823214,-74.03891444206238,Columbus Drive
S_358,40.71458403535893,-74.04281705617905,Marin Light Rail
S_359,40.71435836870427,-74.06661093235016,Communipaw & Berry Lane
S_360,40.72568548362901,-74.04879033565521,Monmouth and 6th
S_361,40.721630142638354,-74.04996782541275,Dixon Mills
S_362,40.72405549,-74.00965965,Watts St & Greenwich St
S_363,40.71928220070702,-74.07126188278198,Astor Place
S_364,40.74590996631558,-74.0572714805603,Leonard Gordon Park
S_365,40.78307,-73.95939,5 Ave & E 88 St
S_366,40.7882213,-73.97041561,W 89 St & Columbus Ave
S_367,40.781410700190015,-73.95595908164978,E 88 St & Park Ave
S_368,40.78839,-73.9747,W 87 St  & Amsterdam Ave
S_369,40.7806284,-73.9521667,E 89 St & 3 Ave
S_370,40.790261,-73.977131,W 87 St & West End Ave
S_371,40.778301,-73.9488134,E 88 St & 1 Ave
S_372,40.79017948095081,-73.97288918495178,W 90 St & Amsterdam Ave
S_373,40.72043411,-74.01020609,Greenwich St & N Moore St
S_374,40.7779453,-73.946041,E 89 St & York Ave
S_375,40.7933718,-73.97685115,Nostrand Ave & Myrtle Ave
S_376,40.7857851,-73.957481,5 Ave & E 93 St
S_377,40.7921,-73.9739,W 92 St & Broadway
S_378,40.7835016,-73.955327,E 91 St & Park Ave
S_379,40.79127,-73.964839,1 Ave & E 94 St
S_380,40.782454175279874,-73.9489196240902,Union St & Nevins St
S_381,40.6686627,-73.97988067,6 St & 7 Ave
S_382,40.686371,-73.99383324,Warren St & Court St
S_383,40.71450451,-74.00562789,Reade St & Broadway
S_384,40.66514681533792,-73.97637605667114,Carroll St & 6 Ave
S_385,40.7919557,-73.968087,Columbus Ave & W 95 St
S_386,40.7969347,-73.9643412291,Columbus Ave & W 103 St
S_387,40.6849894,-73.99440329,Butler St & Court St
S_388,40.668127,-73.98377641,6 Ave & 9 St
S_389,40.78112229934166,-73.94965589046478,E 91 St & 2 Ave
S_390,40.6662078,-73.98199886,6 Ave & 9 St
S_391,40.7941654,-73.974124,West End Ave & W 94 St
S_392,40.6861758,-73.99645295,Kane St & Clinton St
S_393,40.7859201,-73.94860294,E 97 St & 3 Ave
S_394,40.71173107,-73.99193043,Pike St & Monroe St
S_395,40.663779,-73.98396846,14 St & 7 Ave
S_396,40.68763155,-74.0016256,Columbia St & Kane St
S_397,40.7817212,-73.94594,1 Ave & E 94 St
S_398,40.6663181,-73.9854617,6 Ave & 12 St
S_399,40.7937704,-73.971888,West End Ave & W 94 St
S_400,40.6847514,-73.99917254,Henry St & Degraw St
S_401,40.7989937,-73.9662173778,W 104 St & Amsterdam Ave
S_402,40.6686273,-73.98700053,10 St & 5 Ave
S_403,40.7839636,-73.9471673,2 Ave & E 96 St
S_404,40.666287,-73.98895053,14 St & 5 Ave
S_405,40.71219906,-73.97948148,Cherry St
S_406,40.793393,-73.9635556,Central Park West & W 100 St
S_407,40.6831164,-73.99785267,Clinton St & Union St
S_408,40.668603,-73.9904394,12 St & 4 Ave
S_409,40.7981856,-73.9605909006,W 106 St & Central Park West
S_410,40.6685455,-73.99333264,3 Ave & 14 St
S_411,40.7849032,-73.950503,E 95 St & 3 Ave
S_412,40.67434,-74.00194698,Clinton St & Centre St
S_413,40.7877214,-73.94728331,3 Ave & E 100 St
S_414,40.795,-73.9645,W 100 St & Manhattan Ave
S_415,40.6829151,-73.99318208,Degraw St & Smith St
S_416,40.6725058,-74.00494695,Henry St & Bay St
S_417,40.8013434,-73.9711457439,Riverside Dr & W 104 St
S_418,40.681990442707026,-73.99079024791718,Degraw St & Hoyt St
S_419,40.6747055,-74.0075572,Columbia St & Lorraine St
S_420,40.6772744,-73.98282002,Union St & 4 Ave
S_421,40.787801,-73.953559,E 97 St & Madison Ave
S_422,40.67363551341504,-74.01195555925369,Dwight St & Van Dyke St
S_423,40.7862586,-73.94552579,2 Ave & E 99 St
S_424,40.6765304,-73.97846879,Berkeley Pl & 6 Ave
S_425,40.74238787,-73.99726235,W 20 St & 7 Ave
S_426,40.6753274,-74.0100698,Court St & Nelson St
S_427,40.795346,-73.96186,Central Park West & W 100 St
S_428,40.6777748,-74.0094613,SSP Tech Workshop
S_429,40.7997568,-73.9621128676,W 107 St & Columbus Ave
S_430,40.679043,-74.011169,Pioneer St & Van Brunt St
S_431,40.78948541553215,-73.95242929458618,Madison Ave & E 99 St
S_432,40.675146838709786,-73.97523209452629,Berkeley Pl & 7 Ave
S_433,40.6773429,-74.01275056,3 St & Hoyt St
S_434,40.677236,-74.015665,Coffey St & Conover St
S_435,40.6729679,-73.97087984,Grand Army Plaza & Plaza St West
S_436,40.72903917,-73.99404649,Washington Pl & Broadway
S_437,40.7973721,-73.97041192,W 100 St & Broadway
S_438,40.7869946,-73.94164802,E 102 St & 1 Ave
S_439,40.67267243410948,-74.0087952464819,Sigourney St & Columbia St
S_440,40.6747844,-74.01612847,Reed St & Van Brunt St
S_441,40.668132,-73.97363831,SSP Tech Workshop
S_442,40.76800889305947,-73.96845281124115,E 66 St & Madison Ave
S_443,40.7746671,-73.98470567,Amsterdam Ave & W 66 St
S_444,40.8008363,-73.9664492472,W 106 St & Central Park West
S_445,40.6711978,-73.97484126,Garfield Pl & 8 Ave
S_446,40.7691572,-73.96703464,E 68 St & Madison Ave
S_447,40.73047747,-73.99906065,Sullivan St & Washington Sq
S_448,40.7829391,-73.9786517,Amsterdam Ave & W 79 St
S_449,40.6740886,-73.9787282,Carroll St & 6 Ave
S_450,40.7781314,-73.96069399,Garfield Pl & 8 Ave
S_451,40.7904828,-73.95033068,E 102 St & Park Ave
S_452,40.6751622,-73.9814832,Carroll St & 5 Ave
S_453,40.6703837,-73.97839676,3 St & 7 Ave
S_454,40.8021174,-73.9681805305,West End Ave & W 107 St
S_455,40.7922553,-73.95249933,5 Ave & E 103 St
S_456,40.6728155,-73.98352355,5 Ave & 3 St
S_457,40.772460677893974,-73.94682079553604,E 82 St & East End Ave
S_458,40.7037992,-74.00838676,Old Slip & Front St
S_459,40.7727966,-73.95577801,78 St & 2 Ave
S_460,40.674613422475815,-73.98501142859459,4 Ave & 2 St
S_461,40.7689738,-73.95482273,E 74 St & 1 Ave
S_462,40.6750705,-73.98775226,3 St & 3 Ave
S_463,40.799484,-73.955613,Central Park North & Adam Clayton Powell Blvd
S_464,40.7699426,-73.96060712,3 Ave & E 72 St
S_465,40.76471851944339,-73.96222069859505,E 65 St & 2 Ave
S_466,40.6786115,-73.99037292,Carroll St & Bond St
S_467,40.773763,-73.96222088,E 76 St & Park Ave
S_468,40.7903051,-73.94755757,E 103 St & Lexington Ave
S_469,40.6777287,-73.99364123,3 St & Hoyt St
S_470,40.680611,-73.99475825,Carroll St & Smith St
S_471,40.804213,-73.96699104,Cathedral Pkwy & Broadway
S_472,40.6787242,-73.99599099,Smith St & 3 St
S_473,40.7898175,-73.94296109,2 Ave & E 105 St
S_474,40.6809591,-73.99905709,1 Pl & Clinton St
S_475,40.7934337,-73.94945003,E 106 St & Madison Ave
S_476,40.6828003,-73.99990419,President St & Henry St
S_477,40.6830456,-74.00348559,Carroll St & Columbia St
S_478,40.72580614,-73.97422494,Avenue D & E 12 St
S_479,40.79329668,-73.9432083,E 109 St & 3 Ave
S_480,40.7892529,-73.93956237,E 106 St & 1 Ave
S_481,40.6812117,-74.00860912,Commerce St & Van Brunt St
S_482,40.6794327,-74.00785041,Richards St & Delavan St
S_483,40.6769993,-74.00647134,Court St & Nelson St
S_484,40.6763744,-74.00324957,Union St & 4 Ave
S_485,40.6783563,-74.00014502,2 Ave & 9 St
S_486,40.6763947,-73.99869893,SSP Tech Workshop
S_487,40.6746957,-73.99785768,Smith St & 9 St
S_488,40.67260298150126,-73.98983001708984,7 St & 3 Ave
S_489,40.71269042,-73.98776323,Madison St & Clinton St
S_490,40.7961535,-73.94782145,E 110 St & Madison Ave
S_491,40.6724811,-73.99331394,2 Ave & 9 St
S_492,40.6902375,-73.99203074,Court St & State St
S_493,40.6705135,-73.98876585,4 Ave & 9 St
S_494,40.6704922,-73.98541675,7 St & 5 Ave
S_495,40.6704836,-73.98208968,5 St & 6 Ave
S_496,40.67909799721684,-73.98765474557877,Union St & Nevins St
S_497,40.6881529,-73.99520919,E 103 St & Lexington Ave
S_498,40.6867443,-73.99063168,Bergen St & Smith St
S_499,40.71782143,-73.97628939,Stanton St & Mangin St
S_500,40.6864442,-73.98759104,Dean St & Hoyt St
S_501,40.6849668,-73.98620772,Bond St & Bergen St
S_502,40.6853761,-73.98302136,Pacific St & Nevins St
S_503,40.6827549,-73.98258555,Wyckoff St & 3 Ave
S_504,40.680944723477296,-73.97567331790923,Bergen St & Flatbush Ave
S_505,40.6793307,-73.97519523,Prospect Pl & 6 Ave
S_506,40.6776147,-73.97324283,7 Ave & Park Pl
S_507,40.6795766,-73.97854971,Baltic St & 5 Ave
S_508,40.6750207,-73.97111473,Plaza St West & Flatbush Ave
S_509,40.6792788,-73.98154004,Douglass St & 4 Ave
S_510,40.71739973,-73.98016555,Columbia St & Rivington St
S_511,40.6802133,-73.98432695,Douglass St & 3 Ave
S_512,40.6843549,-73.98901629,Hoyt St & Warren St
S_513,40.6859296,-74.00242364,Columbia St & Degraw St
S_514,40.6610633719006,-73.97945255041122,West Drive & Prospect Park West
S_515,40.791976,-73.945993,E 106 St & Lexington Ave
S_516,40.7892105,-73.94370784,E 95 St & 3 Ave
S_517,40.70965083364061,-74.06860113143921,JCBS Depot
S_518,40.72430527250332,-73.99600982666016,Lafayette St & Jersey St
S_519,40.740983,-74.001702,8 Ave & W 16 St
S_520,40.68506807308177,-73.97790759801863,Hanson Pl & Ashland Pl
S_521,40.69794,-73.96986848,6 Ave & Broome St
S_522,40.71907891179564,-73.94223690032959,Richardson St & N Henry St
S_523,40.746524,-73.977885,E 35 St & 3 Ave
S_524,40.662987,-73.976918,Bike in Movie Night | Prospect Park Bandshell
S_525,40.79025417330419,-73.97718340158461,W 88 St & West End Ave
S_526,40.718822,-73.99596,Grand St & Elizabeth St
S_527,40.721319,-74.010065,Greenwich St & Hubert St
S_528,40.79313480986663,-73.97700369358063,Riverside Dr & W 91 St
S_529,40.772248537721744,-73.95842134952545,E 76 St & 3 Ave
S_530,40.7403432,-73.9895511,Broadway & E 22 St - Valet Scan
S_531,40.6851443,-73.95380904,Monroe St & Bedford Ave
S_532,40.692418292578466,-73.98949474096298,Fulton St & Adams St
S_533,40.752957,-74.00264,10 Hudson Yards
S_534,40.76132983124814,-73.97982001304626,W 52 St & 6 Ave
S_535,40.79181171501097,-73.9786022901535,Riverside Dr & W 89 St
S_536,40.76703432309872,-73.95622730255127,E 71 St & 1 Ave
S_537,40.721462562298164,-73.94800901412964,Eckford St & Engert Ave
S_538,40.73649403,-73.99704374,W 13 St & 6 Ave
S_539,40.7512836,-73.9969245,Penn Station Valet - Valet Scan
S_540,40.71915571696044,-73.94885390996933,Bayard St & Leonard St
S_541,40.71335226222875,-73.9491033554077,Devoe St & Lorimer St
S_542,40.7103685423523,-73.94705951213837,Leonard St & Maujer St
S_543,40.68680820503432,-73.98036181926727,Schermerhorn St & 3 Ave
S_544,40.71638031973561,-73.94821286201477,Jackson St & Leonard St
S_545,40.76302594280519,-73.97209525108337,Bressler
S_546,40.76309387270797,-73.9783501625061,W 55 St & 6 Ave
S_547,40.75763227739443,-73.96930575370789,E 53 St & 3 Ave
S_548,40.73652889,-74.00618026,Bank St & Hudson St
S_549,40.714851505262516,-74.01122331619263,Murray St & Greenwich St
S_550,40.75118387463277,-73.97138714790344,Penn Station Valet - Valet Scan
S_551,40.735367055605394,-73.98797392845154,E 16 St & Irving Pl
S_552,40.75227093837409,-73.98770570755005,W 37 St & Broadway
S_553,40.75668720603179,-73.98257732391357,Bressler
S_554,40.72494672359416,-74.00165855884552,W Broadway & Spring Street
S_555,40.7303801,-73.9747502,Bressler
S_556,40.73181401720966,-73.95995020866394,India St & West St
S_557,40.72873888,-74.00748842,W Houston St & Hudson St
S_558,40.66980193089616,-73.99490475654602,Gowanus Tech Station
S_559,40.66888415753939,-73.99481356143951,NYCBS Depot - GOW Annex
S_560,40.742753828659026,-74.00747358798981,W 15 St & 10 Ave
S_561,40.7252556952547,-74.00412082672119,6 Ave & Spring St
S_562,40.72576996727214,-73.9507395029068,Norman Ave & Leonard St
S_563,40.65539977447831,-74.01062786579132,39 St & 2 Ave - Citi Bike HQ at Industry City
S_564,40.65708866668485,-74.00870203971863,2 Ave & 36 St - Citi Bike HQ at Industry City
S_565,40.68512559515415,-74.02535319328308,Picnic Point
S_566,40.72490985,-74.00154702,Emerson Pl & Myrtle Ave
S_567,40.71649,-74.04105,York St
S_568,40.725208,-73.974724,NYCBS Depot - RIS
S_569,40.688417427540834,-73.98451656103134,Schermerhorn St & Bond St
S_570,40.71069994631387,-74.00354146957397,Gold St & Frankfort St
S_571,40.71850211,-73.98329859,Rivington St & Ridge St
S_572,40.796879,-73.937261,E 116 St & 2 Ave
S_573,40.8005385,-73.9419949,E 118 St & Park Ave
S_574,40.799139,-73.9389152,E 118 St & 3 Ave
S_575,40.797911,-73.9423,E 115 St & Lexington Ave
S_576,40.7945663,-73.9362541,E 114 St & 1 Ave
S_577,40.7923272,-73.9383,1 Ave & E 110 St
S_578,40.7949879,-73.9333349,Pleasant Ave & E 116 St
S_579,40.8006721,-73.9349,2 Ave & E 122 St
S_580,40.71559509,-73.9870295,Clinton St & Grand St
S_581,40.7989445,-73.944846,E 115 St & Madison Ave
S_582,40.8014866,-73.9442507,E 118 St & Madison Ave
S_583,40.7954121,-73.9441232,Lexington Ave & E 111 St
S_584,40.80295,-73.942954,Madison Ave & E 120 St
S_585,40.8029263,-73.9379,E 123 St & Lexington Ave
S_586,40.8013066,-73.9398167,Lexington Ave & E 120 St
S_587,40.8045555,-73.9396861,Park Ave & E 124 St
S_588,40.809725,-73.953149,St Nicholas Ave & Manhattan Ave
S_589,40.8011939,-73.9500739,Lenox Ave & W 115 St
S_590,40.70530954,-74.00612572,Front St & Maiden Ln
S_591,40.8078316,-73.949373,St Nicholas Ave & Manhattan Ave
S_592,40.802535,-73.9532423,Adam Clayton Powell Blvd & W 115 St
S_593,40.808442,-73.9452087,Lenox Ave & W 126 St
S_594,40.76340613,-73.97722479,W 56 St & 6 Ave
S_595,40.8107922,-73.9430681,Lenox Ave & W 130 St
S_596,40.68539567,-73.97431458,S Portland Ave & Hanson Pl
S_597,40.8125511,-73.9492286,Frederick Douglass Blvd & W 129 St
S_598,40.8114323,-73.9518776,St. Nicholas Ave & W 126 St
S_599,40.804038,-73.945925,Mt Morris Park W & W 120 St
S_600,40.8082,-73.9641,W 116 St & Broadway
S_601,40.802692,-73.96295,W 110 St & Amsterdam Ave
S_602,40.69363137,-73.96223558,Emerson Pl & Myrtle Ave
S_603,40.81,-73.9551508,Morningside Ave & W 123 St
S_604,40.813358,-73.956461,Amsterdam Ave & W 125 St
S_605,40.8086249,-73.9596214,Amsterdam Ave & W 119 St
S_606,40.8120562,-73.9612547,Broadway & W 122 St
S_607,40.8143256,-73.9590255,Broadway & Moylan Pl
S_608,40.71602118,-73.99974372,Bayard St & Baxter St
S_609,40.795508,-73.941606,3 Ave & E 112 St
S_610,40.805973,-73.964928,W 113 St & Broadway
S_611,40.801694,-73.957145,Frederick Douglass Blvd & W 112 St
S_612,40.7552433,-73.9485678,Vernon Blvd & 41 Rd
S_613,40.7527085,-73.9397405,24 St & 41 Ave
S_614,40.71622644,-73.98261206,Bialystoker Pl & Delancey St
S_615,40.754876,-73.934326,28 St & 38 Ave
S_616,40.7531106,-73.9279917,37 Ave & 35 St
S_617,40.757186,-73.932719,28 St & 36 Ave
S_618,40.7601853,-73.9362726,21 St & 36 Ave
S_619,40.7614376,-73.9411265,36 Ave & 10 St
S_620,40.7596276,-73.9321455,Crescent St & 35 Ave
S_621,40.7627442,-73.9391141,11 St & 35 Ave
S_622,40.7569332,-73.9262231,34 St & 35 Ave
S_623,40.73261787,-73.99158043,E 11 St & Broadway
S_624,40.7557327,-73.9236611,35 Ave & 37 St
S_625,40.756913,-73.921631,34 Ave & 38 St
S_626,40.7580583,-73.9242751,35 St & 34 Ave
S_627,40.7628138,-73.9342862,34 Ave & 21 St
S_628,40.73291553,-74.00711384,Christopher St & Greenwich St
S_629,40.7638753,-73.9364848,34 Ave & 13 St
S_630,40.7671863,-73.9373554,Vernon Blvd & 10 St
S_631,40.7668,-73.9347774,Broadway & 12 St
S_632,40.75510267,-73.97498696,E 47 St & Park Ave
S_633,40.7659,-73.930819,21 St & 31 Dr
S_634,40.7633589,-73.9286471,Crescent St & Broadway
S_635,40.761584,-73.925921,31 St & Broadway
S_636,40.7595701,-73.9142678,Newton Rd & 44 St
S_637,40.70717936,-74.00887308,Pike St & E Broadway
S_638,40.763154,-73.920827,31 Ave & 34 St
S_639,40.7647,-73.9240312,31 Ave & 30 St
S_640,40.7658346,-73.9265474,31 Ave & Crescent St
S_641,40.7692475,-73.9354504,Vernon Blvd & 31 Ave
S_642,40.71605866,-73.99190759,Allen St & Hester St
S_643,40.770845,-73.934171,Vernon Blvd & 30 Rd
S_644,40.75172632,-73.98753523,Broadway & W 37 St
S_645,40.70834698,-74.01713445,West Thames St
S_646,40.728048571362606,-73.97881150245667,E 12 St & Avenue B
S_647,40.75462324029105,-73.99516761302948,W 36 St & 9 Ave
S_648,40.707731483954696,-73.93452286720276,Expansion Warehouse 333 Johnson Ave
S_649,40.683238654603414,-73.96599590778351,Fulton St & Waverly Ave
S_650,40.68900443,-73.96023854,Lafayette Ave & Classon Ave
S_651,40.68223166,-73.9614583,Fulton St & Grand Ave
S_652,40.693261,-73.968896,Clinton Ave & Myrtle Ave
S_653,40.75828065,-73.97069431,E 53 St & Lexington Ave
S_654,40.73038599,-74.00214988,9 Ave & W 14 St
S_655,40.73224119,-74.00026394,Washington Pl & 6 Ave
S_656,40.694528,-73.958089,Franklin Ave & Myrtle Ave
S_657,40.69331716,-73.95381995,Willoughby Ave & Walworth St
S_658,40.72679454,-73.99695094,Mercer St & Bleecker St
S_659,40.70862144,-74.00722156,John St & William St
S_660,40.72243797,-74.00566443,6 Ave & Canal St
S_661,40.749156,-73.9916,W 31 St & 7 Ave
S_662,40.73401143,-74.00293877,W 4 St & 7 Ave S
S_663,40.73492695,-73.99200509,University Pl & E 14 St
S_664,40.735238,-74.000271,Greenwich Ave & Charles St
S_665,40.68317813,-73.9659641,Fulton St & Waverly Ave
S_666,40.75797322,-73.96603308,E 55 St & 2 Ave
S_667,40.71494807,-74.00234482,Centre St & Worth St
S_668,40.71273266,-74.0046073,Broadway & W 55 St
S_669,40.749717753,-74.002950346,W 26 St & 10 Ave
S_670,40.71044554,-73.96525063,Broadway & Berry St
S_671,40.69221589,-73.9842844,Duffield St & Willoughby St
S_672,40.69760127,-73.99344559,Clark St & Henry St
S_673,40.695065,-73.987167,Jay St & Tech Pl
S_674,40.72299208,-73.97995466,E 5 St & Avenue C
S_675,40.72521311,-73.97768752,E 9 St & Avenue C
S_676,40.68807003,-73.98410637,Bond St & Schermerhorn St
S_677,40.680342423,-73.9557689392,Lefferts Pl & Franklin Ave
S_678,40.68415748,-73.96922273,Fulton St & Clermont Ave
S_679,40.69165183,-73.9999786,Atlantic Ave & Furman St
S_680,40.68851534,-73.9647628,Lafayette Ave & St James Pl
S_681,40.71926081,-73.98178024,Pitt St & Stanton St
S_682,40.72019576,-73.98997825,Allen St & Rivington St
S_683,40.7403432,-73.98955109,Broadway & E 22 St
S_684,40.72502876,-73.99069656,E 55 St & 2 Ave
S_685,40.7405826,-74.00550867,9 Ave & W 14 St
S_686,40.739323,-74.008119,Washington St & Gansevoort St
S_687,40.69512845,-73.99595065,Hicks St & Montague St
S_688,40.700469,-73.991454,Henry St & Poplar St
S_689,40.71076228,-73.99400398,Market St & Cherry St
S_690,40.6906495,-73.95643107,DeKalb Ave & Skillman St
S_691,40.72066442,-73.98517977,Suffolk St & Stanton St
S_692,40.72228087,-73.97668709,E 6 St & Avenue D
S_693,40.7158155,-73.99422366,Forsyth St & Canal St
S_694,40.70281858,-73.98765762,Pearl St & Anchorage Pl
S_695,40.7047177,-74.00926027,Pearl St & Hanover Square
S_696,40.68753406,-73.97265183,Cumberland St & Lafayette Ave
S_697,40.71291224,-74.01020234,Barclay St & Church St
S_698,40.70224,-73.982578,Front St & Gold St
S_699,40.69580705,-73.97355569,Carlton Ave & Park Ave
S_700,40.68764484,-73.96968902,Clermont Ave & Lafayette Ave
S_701,40.69573398,-73.97129668,Clermont Ave & Park Ave
S_702,40.770513,-73.988038,W 59 St & 10 Ave
S_703,40.76584941,-73.98690506,W 54 St & 9 Ave
S_704,40.71754834,-74.01322069,W 24 St & 7 Ave
S_705,40.70251526,-74.01427023,State St
S_706,40.72467721,-73.98783413,E 3 St & 1 Ave
S_707,40.7014851,-73.98656928,York St & Jay St
S_708,40.68864636,-73.98263429,Hanover Pl & Livingston St
S_709,40.72621788,-73.98379855,E 7 St & Avenue A
S_710,40.72955361,-73.98057249,E 13 St & Avenue A
S_711,40.74317449,-74.00366443,9 Ave & W 18 St
S_712,40.74173969,-73.99415556,W 21 St & 6 Ave
S_713,40.68216564,-73.95399026,Hancock St & Bedford Ave
S_714,40.6809833854,-73.9500479759,Macon St & Nostrand Ave
S_715,40.72779126,-73.98564945,St Marks Pl & 1 Ave
S_716,40.7262807,-73.98978041,E 4 St & 2 Ave
S_717,40.75255434,-73.97282625,E 45 St & 3 Ave
S_718,40.756014,-73.967416,E 52 St & 2 Ave
S_719,40.746647,-73.993915,W 27 St & 7 Ave
S_720,40.70853074,-73.96408963,Bedford Ave & S 9th St
S_721,40.7423543,-73.98915076,Broadway & W 24 St
S_722,40.72740794,-73.98142006,Perry St & Bleecker St
S_723,40.74487634,-73.99529885,W 24 St & 7 Ave
S_724,40.76370739,-73.9851615,8 Ave & W 52 St
S_725,40.75660359,-73.9979009,Broadway & W 29 St
S_726,40.76461837,-73.98789473,W 52 St & 9 Ave
S_727,40.76227205,-73.98788205,W 38 St & 8 Ave
S_728,40.74475148,-73.99915362,W 22 St & 8 Ave
S_729,40.75455731,-73.96592976,E 51 St & 1 Ave
S_730,40.75001986,-73.96905301,1 Ave & E 44 St
S_731,40.7597108,-73.97402311,E 53 St & Madison Ave
S_732,40.76695317,-73.98169333,Broadway & W 58 St
S_733,40.751396,-74.005226,11 Ave & W 27 St
S_734,40.746745,-74.007756,W 20 St & 11 Ave
S_735,40.71285887,-73.96590294,S 4 St & Wythe Ave
S_736,40.73587678,-73.98205027,E 20 St & 2 Ave
S_737,40.74691959,-74.00451887,W 22 St & 10 Ave
S_738,40.74206539,-74.00443172,9 Ave & W 16 St
S_739,40.75934501,-73.96759673,E 56 St & 3 Ave
S_740,40.75513557,-73.98658032,Broadway & W 41 St
S_741,40.74395411,-73.99144871,W 25 St & 6 Ave
S_742,40.68312489,-73.97895137,Dean St & 4 Ave
S_743,40.7652654,-73.98192338,Broadway & W 55 St
S_744,40.76344058,-73.98268129,Broadway & W 53 St
S_745,40.74345335,-74.00004031,W 20 St & 8 Ave
S_746,40.71286844,-73.95698119,Grand St & Havemeyer St
S_747,40.7457121,-73.98194829,E 32 St & Park Ave
S_748,40.72110063,-73.9919254,Nassau St & Navy St
S_749,40.7451677,-73.98683077,5 Ave & E 29 St
S_750,40.73524276,-73.98758561,E 16 St & Irving Pl
S_751,40.74394314,-73.97966069,E 31 St & 3 Ave
S_752,40.75640548,-73.9900262,W 41 St & 8 Ave
S_753,40.76030096,-73.99884222,11 Ave & W 41 St
S_754,40.76019252,-73.9912551,Mott St & Prince St
S_755,40.76669671,-73.99061728,W 53 St & 10 Ave
S_756,40.71260486,-73.96264403,S 3 St & Bedford Ave
S_757,40.73935542,-73.99931783,W 15 St & 7 Ave
S_758,40.73223272,-73.98889957,E 12 St & 3 Ave
S_759,40.75500254,-73.98014437,W 44 St & 5 Ave
S_760,40.75038009,-73.98338988,W 37 St & 5 Ave
S_761,40.7462009,-73.98855723,Broadway & W 29 St
S_762,40.73314259,-73.97573881,Allen St & E Houston St
S_763,40.75645824,-73.99372222,W 39 St & 9 Ave
S_764,40.75066386,-74.00176802,10 Ave & W 28 St
S_765,40.751551,-73.993934,8 Ave & W 33 St
S_766,40.74096374,-73.98602213,E 24 St & Park Ave S
S_767,40.75019995,-73.99093085,W 33 St & 7 Ave
S_768,40.7568001,-73.98291153,W 45 St & 6 Ave
S_769,40.74734825,-73.99723551,W 26 St & 8 Ave
S_770,40.76269882,-73.99301222,Lexington Ave & E 24 St
S_771,40.73726186,-73.99238967,E 16 St & 5 Ave
S_772,40.73704984,-73.99009296,E 17 St & Broadway
S_773,40.74854862,-73.98808416,Broadway & W 32 St
S_774,40.76915505,-73.98191841,Broadway & W 60 St
S_775,40.76228826,-73.98336183,Broadway & W 51 St
S_776,40.744219,-73.97121214,FDR Drive & E 35 St
S_777,40.714215,-73.981346,Henry St & Grand St
S_778,40.73827428,-73.98751968,E 20 St & Park Ave
S_779,40.73221853,-73.98165557,Mott St & Prince St
S_780,40.74901271,-73.98848395,6 Ave & W 33 St
S_781,40.73912601,-73.97973776,E 25 St & 2 Ave
S_782,40.76341379,-73.99667444,Pike St & E Broadway
S_783,40.7454973,-74.00197139,9 Ave & W 22 St
S_784,40.7606597,-73.98042047,W 51 St & 6 Ave
S_785,40.72938685,-73.97772429,E 14 St & Avenue B
S_786,40.7500727,-73.99839279,W 29 St & 9 Ave
S_787,40.768254,-73.988639,W 56 St & 10 Ave
S_788,40.76087502,-74.00277668,12 Ave & W 40 St
S_789,40.76009437,-73.99461843,W 43 St & 10 Ave
S_790,40.75206862,-73.96784384,E 47 St & 1 Ave
S_791,40.75149263,-73.97798848,Pershing Square S
S_792,40.74780373,-73.9734419,Old Fulton St
S_793,40.75188406,-73.97770164,Pershing Square N
S_794,40.75992262,-73.97648516,W 52 St & 5 Ave
S_795,40.75044999,-73.99481051,8 Ave & W 31 St
S_796,40.75714758,-73.97207836,E 51 St & Lexington Ave
S_797,40.75466591,-73.99138152,W 38 St & 8 Ave
S_798,40.75527307,-73.98316936,W 43 St & 6 Ave
S_799,40.75594159,-74.0021163,W 34 St & 11 Ave
S_800,40.74765947,-73.98490707,E 33 St & 5 Ave
S_801,40.74315566,-73.97434726,E 33 St & 1 Ave
S_802,40.74290902,-73.97706058,E 39 St & 3 Ave
S_803,40.7575699,-73.99098507,Atlantic Ave & Furman St
S_804,40.771522,-73.990541,11 Ave & W 59 St
S_805,40.71893904,-73.99266288,Forsyth St & Broome St
S_806,40.710451,-73.960876,S 5 Pl & S 4 St
S_807,40.75299641,-73.98721619,Broadway & W 39 St
S_808,40.70255065,-74.0127234,Water - Whitehall Plaza
S_809,40.74144387,-73.97536082,1 Ave & E 30 St
S_810,40.74025878,-73.98409214,Lexington Ave & E 24 St
S_811,40.75795248,-73.97787642,W 49 St & 5 Ave
S_812,40.71534825,-73.96024116,Metropolitan Ave & Bedford Ave
S_813,40.74147286,-73.98320928,Lexington Ave & E 26 St
S_814,40.736502,-73.97809472,E 23 St & 1 Ave
S_815,40.74444921,-73.98303529,E 30 St & Park Ave S
S_816,40.76727216,-73.99392888,W 52 St & 11 Ave
S_817,40.71911552,-74.00666661,Franklin St & W Broadway
S_818,40.71117416,-74.00016545,St James Pl & Pearl St
S_819,40.68382604,-73.97632328,W 13 St & 7 Ave
